"","x"
"1","Abof"
"2","ACT"
"3","Aditya"
"4","Cafe Coffee Day"
"5","Canon"
"6","Croma"
"7","Facebook"
"8","Ford"
"9","Fortune"
"10","Forum Mall"
"11","Gabonese Republic"
"12","Gionee"
"13","Giordano"
"14","Godrej"
"15","Haier"
"16","Honda"
"17","Infibeam"
"18","JBL"
"19","Kent"
"20","Kuoni SOTC"
"21","Land Rover"
"22","Lenovo"
"23","Lepakshi"
"24","LG"
"25","Make my Trip"
"26","Marks & Spencer"
"27","Maruti"
"28","Mayfair"
"29","More"
"30","Motorola"
"31","Mufti"
"32","Nalli"
"33","Nikon"
"34","Oppo"
"35","Pai"
"36","PepperTap"
"37","Send My Gift"
"38","Shoppers Stop"
"39","SMR Vinay"
"40","Spicejet"
"41","Superdry"
"42","The Interior Park"
"43","Toyota"
"44","UB Group"
"45","UCB"
